{
  "backend": "classical",
  "target": "priority",
  "labels": [
    "critical",
    "high",
    "low",
    "medium"
  ],
  "metrics": {
    "accuracy": 0.8706666666666667,
    "precision_weighted": 0.8902391623728897,
    "recall_weighted": 0.8706666666666667,
    "f1_weighted": 0.8729300142805757
  }
}